Workbook

Sheet Lead Logs
A1: Tên KH | B1: AE | C1: Ngày nhận | D1: Ngày resolve | E1: Status | F1: Loại Lead | G1: Loại Unqualified | H1: Ghi chú thêm
A2: Cao Lâm | B2: Phương Linh | C2: 19/04/2026 | E2: Đang liên hệ | F2: Việt Nam | H2: Lần 1 liên hệ: Khách hàng mới đăng ký nhưng chưa có thời gian test sản phẩm Đã liên hệ Zalo nhưng KH chưa phản hồi lại
A3: Nguyen Huu Hung | B3: Phương Linh | C3: 19/04/2026 | E3: Đang liên hệ | F3: Việt Nam | H3: Lần 1 liên hệ: Khách hàng đang bận Đã liên hệ Zalo nhưng KH chưa phản hồi lại
A4: nguyen van toan | B4: Phương Linh | C4: 19/04/2026 | E4: Đang liên hệ | F4: Việt Nam | H4: Lần 1 liên hệ: Khách hàng chưa phản hồi được nhiều thông tin Đã liên hệ Zalo nhưng KH chưa phản hồi lại
A5: Võ Khánh Tùng | B5: Phương Linh | C5: 19/04/2026 | E5: Đang liên hệ | F5: Việt Nam | H5: Lần 1 liên hệ: Khách hàng đang bận Đã liên hệ Zalo nhưng KH chưa phản hồi lại
A6: lưu văn tú | B6: Phương Linh | C6: 19/04/2026 | E6: Đang liên hệ | F6: Việt Nam | H6: Lần 1 liên hệ: Khách hàng đã trải nghiệm sản phẩm và có khó khăn khi thao tác Đã liên hệ Zalo nhưng KH chưa phản hồi lại
A7: Maika Dwi | B7: Phương Linh | C7: 19/04/2026 | E7: Mới | F7: Quốc Tế
A8: primebet 88 | B8: Phương Linh | C8: 19/04/2026 | E8: Mới | F8: Quốc Tế
A9: Cao Văn Minh | B9: Phương Linh | C9: 19/04/2026 | E9: Đang liên hệ | F9: Việt Nam | H9: Lần 1 liên hệ: Khách hàng đang dùng SĐT của vợ để đăng ký nên chưa lấy được thông tin Đã liên hệ Zalo nhưng KH k accept zalo để trao đổi ( chặn người lạ )
A10: thanee keawsombat | B10: Phương Linh | C10: 19/04/2026 | E10: Mới | F10: Quốc Tế
A11: Chao Dara | B11: Phương Linh | C11: 19/04/2026 | E11: Mới | F11: Quốc Tế
A12: 刘散散 | B12: Phương Linh | C12: 19/04/2026 | E12: Mới | F12: Quốc Tế
A13: NL LEICA | B13: Phương Linh | C13: 19/04/2026 | E13: Đang liên hệ | F13: Việt Nam | H13: Lần 1 liên hệ: Khách có bắt máy nhưng k có âm thanh hay hồi âm với AE Đã liên hệ Zalo nhưng KH chưa phản hồi lại
A14: tuấn | B14: Phương Linh | C14: 19/04/2026 | E14: Đang liên hệ | F14: Việt Nam | H14: Lần 1 liên hệ: KH không nghe máy Đã liên hệ Zalo nhưng KH chưa phản hồi lại
A15: Nguyên Tuấn | B15: Phương Linh | C15: 19/04/2026 | E15: Unqualified | F15: Việt Nam | G15: Rejected | H15: KH k có nhu cầu
A16: Ngo David | B16: Phương Linh | C16: 19/04/2026 | E16: Unqualified | F16: Việt Nam | G16: Timing | H16: KH hiện chưa có nhu cầu sẽ tự tìm hiểu sau
A17: Sh2aWa | B17: Phương Linh | C17: 19/04/2026 | E17: Mới | F17: Quốc Tế
A18: TRAN LINH | B18: Phương Linh | C18: 19/04/2026 | E18: Unqualified | F18: Việt Nam | G18: Rejected | H18: KH k có nhu cầu
A19: Tuyên | B19: Phương Linh | C19: 19/04/2026 | E19: Đang liên hệ | F19: Việt Nam | H19: Lần 1 liên hệ: KH không nghe máy Đã liên hệ Zalo nhưng KH chưa phản hồi lại
A20: lucky wind | B20: Phương Linh | C20: 19/04/2026 | D20: 19/04/2026 | E20: Qualified | F20: Việt Nam | H20: KH là Agency, triển khai cho khách + dịch vụ cho khách thuê tài khoản quảng cáo KH có 2 cái BM 2500 full tài khoản, ngoài ra các BM nhỏ thì cũng nhiều nhưng ko cho thuê trên đó. Bth KH triển khai trên nhiều nền tảng, nên ngân sách cho 30-40 đối tác trung bình mỗi nền tảng tầm 1,5-2 tỷ. Nhưng đợt này KH tính là thêm dịch vụ cho thuê, thì chắc ngân sách sẽ lớn hơn
A21: Đăng Lê | B21: Phương Linh | C21: 19/04/2026 | E21: Đang liên hệ | F21: Việt Nam | H21: Lần 1 liên hệ: KH không nghe máy Đã liên hệ Zalo nhưng KH chưa phản hồi lại
A22: nguyenvanuy | B22: Phương Linh | C22: 19/04/2026 | E22: Đang liên hệ | F22: Việt Nam | H22: Lần 1 liên hệ: KH không nghe máy Đã liên hệ Zalo nhưng KH chưa phản hồi lại
A23: Nguyễn Toàn | B23: Phương Linh | C23: 19/04/2026 | E23: Đang liên hệ | F23: Việt Nam | H23: Lần 1 liên hệ: KH nghe máy nhưng âm thanh kém KH k nghe thấy Đã liên hệ Zalo nhưng KH chưa phản hồi lại
A24: hoang van hieu | B24: Phương Linh | C24: 19/04/2026 | E24: Đang liên hệ | F24: Việt Nam | H24: Lần 1 liên hệ: KH nghe máy nhưng âm thanh kém KH k nghe thấy Đã liên hệ Zalo nhưng KH chưa phản hồi lại
A25: quang | B25: Phương Linh | C25: 19/04/2026 | E25: Đang liên hệ | F25: Việt Nam | H25: Lần 1 liên hệ: KH k nghe máy Đã liên hệ Zalo nhưng KH chặn người lạ
A26: Ngọc Minh | B26: Phương Linh | C26: 19/04/2026 | E26: Đang liên hệ | F26: Việt Nam | H26: Lần 1 liên hệ: KH không nghe máy Đã liên hệ Zalo nhưng KH chưa phản hồi lại
A27: Tiến bằng Nguyễn | B27: Phương Linh | C27: 19/04/2026 | E27: Đang liên hệ | F27: Việt Nam | H27: Lần 1 liên hệ: KH có nghe máy nhưng k nghe rõ được lời của KH Đã liên hệ Zalo nhưng KH chưa phản hồi lại
A28: Hoàn trần | B28: Phương Linh | C28: 19/04/2026 | E28: Đang liên hệ | F28: Việt Nam | H28: Lần 1 liên hệ: KH không nghe máy Đã liên hệ Zalo nhưng KH chưa phản hồi lại
A29: Đỗ Công | B29: Phương Linh | C29: 19/04/2026 | E29: Đang nuôi dưỡng | F29: Việt Nam | H29: Lần 1 liên hệ: Khách hàng tự chạy quảng cáo. Ngân sách chạy 1-2tr/1 tháng. Khách hàng chưa lưu ý tính năng nào, quan tâm giá cả
A30: trung nguyen | B30: Phương Linh | C30: 19/04/2026 | E30: Mới | F30: Việt Nam
A31: Thành Trương | B31: Phương Linh | C31: 19/04/2026 | E31: Đang liên hệ | F31: Việt Nam | H31: Lần 1 liên hệ: KH không nghe máy Đã liên hệ Zalo nhưng KH chưa phản hồi lại
A32: Nhung L U Z Y | B32: Phương Linh | C32: 19/04/2026 | E32: Unqualified | F32: Việt Nam | H32: Lần 1 liên hệ: KH đang chưa hình dung được sản phẩm vì có thể là người khác đăng ký Đã liên hệ Zalo nhưng KH chưa phản hồi lại
A33: Nguyen trung hieu | B33: Phương Linh | C33: 19/04/2026 | E33: Đang liên hệ | F33: Việt Nam | H33: Lần 1 liên hệ: Khách hàng đang bận Đã liên hệ Zalo nhưng KH chưa phản hồi lại
A34: YuuAcc | B34: Phương Linh | C34: 19/04/2026 | E34: Mới | F34: Quốc Tế
A35: Chung Hà | B35: Phương Linh | C35: 19/04/2026 | E35: Đang liên hệ | F35: Việt Nam | H35: Lần 1 liên hệ: Ngoài giờ làm việc nên KH hẹn mai Đã tìm Zalo nhưng SĐT không hiển thị Zalo của KH
A36: lê anh | B36: Phương Linh | C36: 19/04/2026 | E36: Đang liên hệ | F36: Việt Nam | H36: Lần 1 liên hệ: KH không nghe máy Đã tìm Zalo nhưng KH chặn người lạ
A37: Cường Trương Thế | B37: Phương Linh | C37: 19/04/2026 | E37: Đang liên hệ | F37: Việt Nam | H37: Lần 1 liên hệ: KH có nghe máy và tự chạy QC Đã liên hệ Zalo nhưng KH chưa phản hồi lại
A38: roeunnarong | B38: Phương Linh | C38: 19/04/2026 | E38: Mới | F38: Quốc Tế
A39: Dinh Trong Nguyen | B39: Phương Linh | C39: 19/04/2026 | E39: Mới | F39: Việt Nam
A40: NGUYEN CONG DIEN | B40: Phương Linh | C40: 19/04/2026 | E40: Mới | F40: Việt Nam
A41: thanh phan | B41: Phương Linh | C41: 19/04/2026 | E41: Mới | F41: Việt Nam
A42: SUBEO | B42: Phương Linh | C42: 19/04/2026 | E42: Mới | F42: Việt Nam
A43: Thanh Ngân Nguyễn Thị | B43: Phương Linh | C43: 19/04/2026 | E43: Mới | F43: Việt Nam
A44: AF Rimuru | B44: Phương Linh | C44: 19/04/2026 | E44: Mới | F44: Quốc Tế
A45: Nguyễn Hải | B45: Phương Linh | C45: 19/04/2026 | E45: Mới | F45: Việt Nam
A46: hieu nguyen | B46: Phương Linh | C46: 19/04/2026 | E46: Mới | F46: Việt Nam
A47: Bảo Trần | B47: Phương Linh | C47: 19/04/2026 | E47: Mới | F47: Việt Nam
A48: xu | B48: Phương Linh | C48: 19/04/2026 | E48: Mới | F48: Quốc Tế
A49: OLEG KARAKUTS | B49: Phương Linh | C49: 19/04/2026 | E49: Mới | F49: Quốc Tế
... A51: vu phong | B51: Phương Linh | C51: 19/04/2026 | E51: Mới | F51: Việt Nam
A52: Nguyễn Thông | B52: Phương Linh | C52: 19/04/2026 | D52: 20/04/2026 | E52: Qualified | F52: Việt Nam
A53: Đỗ Huy | B53: Phương Linh | C53: 19/04/2026 | E53: Mới | F53: Việt Nam
A54: Nguyễn Duy An | B54: Phương Linh | C54: 19/04/2026 | E54: Mới | F54: Việt Nam
A55: วัยรุ่น ตุรกี | B55: Phương Linh | C55: 19/04/2026 | E55: Mới | F55: Quốc Tế
A56: HAZEM ALI GALAL (Doc) | B56: Phương Linh | C56: 19/04/2026 | E56: Mới | F56: Quốc Tế
A57: Helen Vanston | B57: Phương Linh | C57: 19/04/2026 | E57: Mới | F57: Quốc Tế
A58: Tuấn Vũ | B58: Phương Linh | C58: 19/04/2026 | E58: Mới | F58: Việt Nam
A59: Spongbob Spongbob | B59: Phương Linh | C59: 19/04/2026 | E59: Mới | F59: Quốc Tế
A60: Đào Văn Huy | B60: Phương Linh | C60: 19/04/2026 | E60: Mới | F60: Việt Nam
A61: Long Xiao | B61: Phương Linh | C61: 19/04/2026 | E61: Mới | F61: Quốc Tế
A62: tlzb11 | B62: Phương Linh | C62: 19/04/2026 | E62: Mới | F62: Quốc Tế
A63: Tran Quan | B63: Phương Linh | C63: 19/04/2026 | E63: Mới | F63: Việt Nam
A64: cd c | B64: Phương Linh | C64: 19/04/2026 | E64: Mới | F64: Quốc Tế
... A74: Albert | B74: Hồng Nhung | C74: 20/04/2026 | E74: Mới | F74: Quốc Tế
A75: Anh Nguyên Thế | B75: Hồng Nhung | C75: 20/04/2026 | D75: 46132 | E75: Đang liên hệ | F75: Việt Nam
A76: Tuấn Anh | B76: Hồng Nhung | C76: 46131 | D76: 46132 | E76: Đang liên hệ | F76: Việt Nam | H76: Mình chạy cá nhân,1 tháng chi tiêu khoảng 5-700tr. Mình gặp khó khăn là dạo gần đây Facebook hay bị mất tên camp, không lọc và xem được camp. Mình đang bận chút, bạn kết bạn với mình qua Zalo nhé.
A77: Nghia Luu | B77: Hồng Nhung | C77: 46131 | D77: 46132 | E77: Đang liên hệ | F77: Việt Nam | H77: K nghe máy
A78: đỗ Danh | B78: Hồng Nhung | C78: 46131 | D78: 46132 | E78: Unqualified | F78: Việt Nam | G78: Bad Fit | H78: KH này đăng ký từ đợt tháng 1, có trao đổi qua Zalo ròi, đang quản lý 1 TKQC, 1 BM, ngưỡng nhỏ do mới chạy nên k cần dùng. Đang hỏi thăm lại xem sao -> Phản hồi lại bảo em định tìm hoặc hỏi xem bên mình có bán hay cho thuê TK không thôi
A79: Nguyễn Nam | B79: Hồng Nhung | C79: 46131 | D79: 46132 | E79: Đang liên hệ | F79: Việt Nam | H79: KH đang đi xe máy, không nghe thấy KH nói gì -> Xin kết nối Zalo
A80: Giáp Vũ | B80: Hồng Nhung | C80: 46131 | D80: 46132 | E80: Unqualified | F80: Việt Nam | G80: Bad Fit | H80: Anh chi tiêu 5-6tr/1 ngày (150-180tr/tháng). Anh chạy cá nhân thôi, anh định dùng cái SMIT Agency này nhưng vào check bảng giá thấy gói thấp nhất 10 tỷ vs cả chi phí 1 tháng cao quá nên anh k tìm hiểu nữa, anh k dùng nữa. Chưa đi sâu chức năng nào mà chỉ vào xem qua xong check giá luôn
A81: Thao Nam | B81: Hồng Nhung | C81: 46131 | D81: 46132 | E81: Đang liên hệ | F81: Việt Nam
A82: Dada Hu (定语) | B82: Hồng Nhung | C82: 46131 | E82: Mới | F82: Quốc Tế
A83: Jame Smith | B83: Hồng Nhung | C83: 46131 | D83: 46132 | E83: Đang liên hệ | F83: Việt Nam | H83: KH gọi lại nhưng báo anh dùng được rồi, vào được rồi. Khai thác thêm xem đang dùng sp nào thì k thấy KH nói gì nữa. Liên hệ lại không được
A84: Thomas R. | B84: Hồng Nhung | C84: 46131 | E84: Mới | F84: Quốc Tế
A85: Максим Ратич | B85: Hồng Nhung | C85: 46131 | E85: Mới | F85: Quốc Tế
A86: Trình Văn Phong | B86: Hồng Nhung | C86: 46131 | D86: 46132 | E86: Đang nuôi dưỡng | F86: Việt Nam | H86: - Mình có đăng ký, đang dùng ở 1 bên khác thử rồi nhưng muốn tách ra dùng riêng nên thử đăng ký. Mới chỉ xem dữ liệu quảng cáo thôi chứ chưa thử hay quan tâm tính năng nào khác. Nếu cần thì mình liên hệ lại hỗ trợ sau. 150 TKQC vừa chạy cá nhân và vừa chạy cho khách -> Kết bạn Zalo xác nhận thêm thông tin - Không phản hồi -> nhắn Zalo tiếp
A87: Tran An | B87: Hồng Nhung | C87: 46131 | D87: 46132 | E87: Unqualified | F87: Việt Nam | G87: Rejected | H87: K nghe máy lần 2, đã kb + nt Zalo Kh gọi lại bảo à mình đang chưa có nhu cầu đâu, khi nào có nhu cầu mình liên hệ sau
A88: PHAN ANH KIỆT | B88: Hồng Nhung | C88: 46131 | D88: 46132 | E88: Unqualified | F88: Việt Nam | G88: Rejected | H88: Mình không có đăng ký
A89: jack man | B89: Hồng Nhung | C89: 46131 | E89: Mới | F89: Quốc Tế
A90: Felipe | B90: Hồng Nhung | C90: 46131 | E90: Mới | F90: Quốc Tế
A91: Nguyễn Thiệp | B91: Hồng Nhung | C91: 46131 | D91: 46132 | E91: Đang nuôi dưỡng | F91: Việt Nam | H91: 15/4: Chạy vài trăm triệu 1 tháng, 50-100 TKQC. Đang quan tâm đến hóa đơn, thẻ để tự so khớp sao kê vs hóa đơn, quản lý khoản hold 20/4: Đến nay mới phản hồi lại, Bảo là bị trôi tin nhắn, kêu dùng được hết rồi, đòi báo giá. Báo giá xong thì bảo sẽ cân nhắc rồi liên hệ lại sau
A92: Jason Wamilda | B92: Hồng Nhung | C92: 46131 | E92: Mới | F92: Quốc Tế
A93: tran xuan chien | B93: Hồng Nhung | C93: 46131 | D93: 46132 | E93: Unqualified | F93: Việt Nam | G93: Unreachable | H93: Gọi 3 lần, nt và kb Zalo k phản hồi
A94: Nguyen Cao | B94: Hồng Nhung | C94: 46131 | D94: 46132 | E94: Unqualified | F94: Việt Nam | G94: Unreachable | H94: Gọi 3 lần, nt và kb Zalo k phản hồi
A95: VO CHI TRUNG | B95: Hồng Nhung | C95: 46131 | D95: 46132 | E95: Đang nuôi dưỡng | F95: Việt Nam | H95: 13/4: KH này đã đăng ký 1 lần vào tháng 11. Anh đang bận, lát anh nhắn qua chat cho -> Xin kết nối Zalo 16/4: mới phản hồi lại nhưng KH chỉ bông đùa chưa khai thác được KH thêm 20/4: K dùng thử, k bảo tư vấn sâu mà đòi báo giá. Chi tiêu 1-2B. Báo giá xong thái độ bất ngờ kêu đắt. Có trao đổi thêm là do KH chưa sử dụng nên chưa hiểu được hết giá trị sp đem lại thôi. -> Anh chỉ quan tâm đến cái hóa đơn thôi, k cần chức năng nào khác -> AE tư vấn lại thông tin gói Finance. KH không phản hồi tiếp
A96: Weberz Agency | B96: Hồng Nhung | C96: 46131 | E96: Mới | F96: Quốc Tế
A97: Mega Ads | B97: Hồng Nhung | C97: 46131 | E97: Mới | F97: Quốc Tế
A98: Dung Mỹ | B98: Hồng Nhung | C98: 46131 | D98: 46132 | E98: Đang nuôi dưỡng | F98: Việt Nam | H98: 15/4: Chi tiêu 50tr/ngày, quản lý khoảng 100 TKQC. Quan tâm đến quản lý tập trung tài sản quảng cáo. 17/4: Mình tạm thời ngưng chạy qc, FB dạo này quét nhiều. Lúc nào cần hỗ trợ về phần mềm mình nhắn bạn sau nhé. -> AE muốn trao đổi thêm kick KH dùng thử nhưng KH không phản hồi tiếp 20/4: Hỏi thăm lại thì bảo khi nào anh cài anh báo em sau nhé
A99: Rudy | B99: Hồng Nhung | C99: 46131 | E99: Mới | F99: Quốc Tế
A100: MR MT | B100: Hồng Nhung | C100: 46131 | E100: Mới | F100: Quốc Tế
A101: kkcc | B101: Hồng Nhung | C101: 46131 | E101: Mới | F101: Quốc Tế
A102: Heather Morgan | B102: Hồng Nhung | C102: 46131 | E102: Mới | F102: Quốc Tế
A103: LongNguyen | B103: Hồng Nhung | C103: 46131 | E103: Mới | F103: Quốc Tế
A104: Munchittha Jaikham | B104: Hồng Nhung | C104: 46131 | E104: Mới | F104: Quốc Tế
A105: opzeehb5547 | B105: Hồng Nhung | C105: 46131 | E105: Mới | F105: Quốc Tế
A106: Tan Thanh | B106: Hồng Nhung | C106: 46131 | D106: 46132 | E106: Unqualified | F106: Việt Nam | G106: Unreachable | H106: Sub này nhắn trên Fanpage trước, hỗ trợ đồng bộ TK và kết nối năng cao xong không phản hồi tiếp. Gọi không nghe máy, nhắn Zalo không phản hồi
A107: Tim | B107: Hồng Nhung | C107: 46131 | E107: Mới | F107: Quốc Tế
A108: areeb | B108: Hồng Nhung | C108: 46131 | E108: Mới | F108: Quốc Tế
A109: SENV | B109: Hồng Nhung | C109: 46131 | E109: Mới | F109: Quốc Tế
A110: keding | B110: Hồng Nhung | C110: 46131 | E110: Mới | F110: Quốc Tế
...

Sheet Daily
A1: Ngày | B1: AE Hồng Nhung | G1: AE Kim Huệ | L1: AE Phương Linh
B2: Thêm | C2: Xử lý | D2: Tồn cuối ngày | E2: Tỷ lệ xử lý trong ngày | F2: Tỷ lệ xử lý trên tổng | G2: Thêm | H2: Xử lý | I2: Tồn cuối ngày | J2: Tỷ lệ xử lý trong ngày | K2: Tỷ lệ xử lý trên tổng | L2: Thêm | M2: Xử lý | N2: Tồn cuối ngày | O2: Tỷ lệ xử lý trong ngày | P2: Tỷ lệ xử lý trên tổng
A3: 46131 | D3: 0 | I3: 0 | N3: 0
A4: 46132 | B4: =COUNTIFS('Lead Logs'!B:B,"Hồng Nhung",'Lead Logs'!C:C,A4) | C4: =COUNTIFS('Lead Logs'!B:B,"Hồng Nhung",'Lead Logs'!D:D,A4,'Lead Logs'!E:E,"Qualified")+COUNTIFS('Lead Logs'!B:B,"Hồng Nhung",'Lead Logs'!D:D,A4,'Lead Logs'!E:E,"Unqualified") | D4: =D3+B4-C4 | E4: =IFERROR(C4/B4,"-") | F4: =IFERROR(C4/(B4+D3),"-") | G4: =COUNTIFS(#REF!,"Kim Huệ",#REF!,A4) | H4: =COUNTIFS(#REF!,"Kim Huệ",#REF!,A4,#REF!,"Qualified")+COUNTIFS(#REF!,"Kim Huệ",#REF!,A4,#REF!,"Unqualified") | I4: =I3+G4-H4 | J4: =IFERROR(H4/G4,"-") | K4: =IFERROR(H4/(G4+I3),"-") | L4: =COUNTIFS(#REF!,"Phương Linh",#REF!,A4) | M4: =COUNTIFS(#REF!,"Phương Linh",#REF!,A4,#REF!,"Qualified")+COUNTIFS(#REF!,"Phương Linh",#REF!,A4,#REF!,"Unqualified") | N4: =N3+L4-M4 | O4: =IFERROR(M4/L4,"-") | P4: =IFERROR(M4/(L4+N3),"-")
A5: 46133 | B5: =COUNTIFS('Lead Logs'!B:B,"Hồng Nhung",'Lead Logs'!C:C,A5) | C5: =COUNTIFS('Lead Logs'!B:B,"Hồng Nhung",'Lead Logs'!D:D,A5,'Lead Logs'!E:E,"Qualified")+COUNTIFS('Lead Logs'!B:B,"Hồng Nhung",'Lead Logs'!D:D,A5,'Lead Logs'!E:E,"Unqualified") | D5: =D4+B5-C5 | E5: =IFERROR(C5/B5,"-") | F5: =IFERROR(C5/(B5+D4),"-") | G5: =COUNTIFS(#REF!,"Kim Huệ",#REF!,A5) | H5: =COUNTIFS(#REF!,"Kim Huệ",#REF!,A5,#REF!,"Qualified")+COUNTIFS(#REF!,"Kim Huệ",#REF!,A5,#REF!,"Unqualified") | I5: =I4+G5-H5 | J5: =IFERROR(H5/G5,"-") | K5: =IFERROR(H5/(G5+I4),"-") | L5: =COUNTIFS(#REF!,"Phương Linh",#REF!,A5) | M5: =COUNTIFS(#REF!,"Phương Linh",#REF!,A5,#REF!,"Qualified")+COUNTIFS(#REF!,"Phương Linh",#REF!,A5,#REF!,"Unqualified") | N5: =N4+L5-M5 | O5: =IFERROR(M5/L5,"-") | P5: =IFERROR(M5/(L5+N4),"-")
A6: 46134 | B6: =COUNTIFS('Lead Logs'!B:B,"Hồng Nhung",'Lead Logs'!C:C,A6) | C6: =COUNTIFS('Lead Logs'!B:B,"Hồng Nhung",'Lead Logs'!D:D,A6,'Lead Logs'!E:E,"Qualified")+COUNTIFS('Lead Logs'!B:B,"Hồng Nhung",'Lead Logs'!D:D,A6,'Lead Logs'!E:E,"Unqualified") | D6: =D5+B6-C6 | E6: =IFERROR(C6/B6,"-") | F6: =IFERROR(C6/(B6+D5),"-") | G6: =COUNTIFS(#REF!,"Kim Huệ",#REF!,A6) | H6: =COUNTIFS(#REF!,"Kim Huệ",#REF!,A6,#REF!,"Qualified")+COUNTIFS(#REF!,"Kim Huệ",#REF!,A6,#REF!,"Unqualified") | I6: =I5+G6-H6 | J6: =IFERROR(H6/G6,"-") | K6: =IFERROR(H6/(G6+I5),"-") | L6: =COUNTIFS(#REF!,"Phương Linh",#REF!,A6) | M6: =COUNTIFS(#REF!,"Phương Linh",#REF!,A6,#REF!,"Qualified")+COUNTIFS(#REF!,"Phương Linh",#REF!,A6,#REF!,"Unqualified") | N6: =N5+L6-M6 | O6: =IFERROR(M6/L6,"-") | P6: =IFERROR(M6/(L6+N5),"-")
A7: 46135 | B7: =COUNTIFS('Lead Logs'!B:B,"Hồng Nhung",'Lead Logs'!C:C,A7) | C7: =COUNTIFS('Lead Logs'!B:B,"Hồng Nhung",'Lead Logs'!D:D,A7,'Lead Logs'!E:E,"Qualified")+COUNTIFS('Lead Logs'!B:B,"Hồng Nhung",'Lead Logs'!D:D,A7,'Lead Logs'!E:E,"Unqualified") | D7: =D6+B7-C7 | E7: =IFERROR(C7/B7,"-") | F7: =IFERROR(C7/(B7+D6),"-") | G7: =COUNTIFS(#REF!,"Kim Huệ",#REF!,A7) | H7: =COUNTIFS(#REF!,"Kim Huệ",#REF!,A7,#REF!,"Qualified")+COUNTIFS(#REF!,"Kim Huệ",#REF!,A7,#REF!,"Unqualified") | I7: =I6+G7-H7 | J7: =IFERROR(H7/G7,"-") | K7: =IFERROR(H7/(G7+I6),"-") | L7: =COUNTIFS(#REF!,"Phương Linh",#REF!,A7) | M7: =COUNTIFS(#REF!,"Phương Linh",#REF!,A7,#REF!,"Qualified")+COUNTIFS(#REF!,"Phương Linh",#REF!,A7,#REF!,"Unqualified") | N7: =N6+L7-M7 | O7: =IFERROR(M7/L7,"-") | P7: =IFERROR(M7/(L7+N6),"-")
A8: 46136 | B8: =COUNTIFS('Lead Logs'!B:B,"Hồng Nhung",'Lead Logs'!C:C,A8) | C8: =COUNTIFS('Lead Logs'!B:B,"Hồng Nhung",'Lead Logs'!D:D,A8,'Lead Logs'!E:E,"Qualified")+COUNTIFS('Lead Logs'!B:B,"Hồng Nhung",'Lead Logs'!D:D,A8,'Lead Logs'!E:E,"Unqualified") | D8: =D7+B8-C8 | E8: =IFERROR(C8/B8,"-") | F8: =IFERROR(C8/(B8+D7),"-") | G8: =COUNTIFS(#REF!,"Kim Huệ",#REF!,A8) | H8: =COUNTIFS(#REF!,"Kim Huệ",#REF!,A8,#REF!,"Qualified")+COUNTIFS(#REF!,"Kim Huệ",#REF!,A8,#REF!,"Unqualified") | I8: =I7+G8-H8 | J8: =IFERROR(H8/G8,"-") | K8: =IFERROR(H8/(G8+I7),"-") | L8: =COUNTIFS(#REF!,"Phương Linh",#REF!,A8) | M8: =COUNTIFS(#REF!,"Phương Linh",#REF!,A8,#REF!,"Qualified")+COUNTIFS(#REF!,"Phương Linh",#REF!,A8,#REF!,"Unqualified") | N8: =N7+L8-M8 | O8: =IFERROR(M8/L8,"-") | P8: =IFERROR(M8/(L8+N7),"-")
A9: 46137 | B9: =COUNTIFS('Lead Logs'!B:B,"Hồng Nhung",'Lead Logs'!C:C,A9) | C9: =COUNTIFS('Lead Logs'!B:B,"Hồng Nhung",'Lead Logs'!D:D,A9,'Lead Logs'!E:E,"Qualified")+COUNTIFS('Lead Logs'!B:B,"Hồng Nhung",'Lead Logs'!D:D,A9,'Lead Logs'!E:E,"Unqualified") | D9: =D8+B9-C9 | E9: =IFERROR(C9/B9,"-") | F9: =IFERROR(C9/(B9+D8),"-") | G9: =COUNTIFS(#REF!,"Kim Huệ",#REF!,A9) | H9: =COUNTIFS(#REF!,"Kim Huệ",#REF!,A9,#REF!,"Qualified")+COUNTIFS(#REF!,"Kim Huệ",#REF!,A9,#REF!,"Unqualified") | I9: =I8+G9-H9 | J9: =IFERROR(H9/G9,"-") | K9: =IFERROR(H9/(G9+I8),"-") | L9: =COUNTIFS(#REF!,"Phương Linh",#REF!,A9) | M9: =COUNTIFS(#REF!,"Phương Linh",#REF!,A9,#REF!,"Qualified")+COUNTIFS(#REF!,"Phương Linh",#REF!,A9,#REF!,"Unqualified") | N9: =N8+L9-M9 | O9: =IFERROR(M9/L9,"-") | P9: =IFERROR(M9/(L9+N8),"-")
A10: 46138 | B10: =COUNTIFS('Lead Logs'!B:B,"Hồng Nhung",'Lead Logs'!C:C,A10) | C10: =COUNTIFS('Lead Logs'!B:B,"Hồng Nhung",'Lead Logs'!D:D,A10,'Lead Logs'!E:E,"Qualified")+COUNTIFS('Lead Logs'!B:B,"Hồng Nhung",'Lead Logs'!D:D,A10,'Lead Logs'!E:E,"Unqualified") | D10: =D9+B10-C10 | E10: =IFERROR(C10/B10,"-") | F10: =IFERROR(C10/(B10+D9),"-") | G10: =COUNTIFS(#REF!,"Kim Huệ",#REF!,A10) | H10: =COUNTIFS(#REF!,"Kim Huệ",#REF!,A10,#REF!,"Qualified")+COUNTIFS(#REF!,"Kim Huệ",#REF!,A10,#REF!,"Unqualified") | I10: =I9+G10-H10 | J10: =IFERROR(H10/G10,"-") | K10: =IFERROR(H10/(G10+I9),"-") | L10: =COUNTIFS(#REF!,"Phương Linh",#REF!,A10) | M10: =COUNTIFS(#REF!,"Phương Linh",#REF!,A10,#REF!,"Qualified")+COUNTIFS(#REF!,"Phương Linh",#REF!,A10,#REF!,"Unqualified") | N10: =N9+L10-M10 | O10: =IFERROR(M10/L10,"-") | P10: =IFERROR(M10/(L10+N9),"-")
A11: 46139 | B11: =COUNTIFS('Lead Logs'!B:B,"Hồng Nhung",'Lead Logs'!C:C,A11) | C11: =COUNTIFS('Lead Logs'!B:B,"Hồng Nhung",'Lead Logs'!D:D,A11,'Lead Logs'!E:E,"Qualified")+COUNTIFS('Lead Logs'!B:B,"Hồng Nhung",'Lead Logs'!D:D,A11,'Lead Logs'!E:E,"Unqualified") | D11: =D10+B11-C11 | E11: =IFERROR(C11/B11,"-") | F11: =IFERROR(C11/(B11+D10),"-") | G11: =COUNTIFS(#REF!,"Kim Huệ",#REF!,A11) | H11: =COUNTIFS(#REF!,"Kim Huệ",#REF!,A11,#REF!,"Qualified")+COUNTIFS(#REF!,"Kim Huệ",#REF!,A11,#REF!,"Unqualified") | I11: =I10+G11-H11 | J11: =IFERROR(H11/G11,"-") | K11: =IFERROR(H11/(G11+I10),"-") | L11: =COUNTIFS(#REF!,"Phương Linh",#REF!,A11) | M11: =COUNTIFS(#REF!,"Phương Linh",#REF!,A11,#REF!,"Qualified")+COUNTIFS(#REF!,"Phương Linh",#REF!,A11,#REF!,"Unqualified") | N11: =N10+L11-M11 | O11: =IFERROR(M11/L11,"-") | P11: =IFERROR(M11/(L11+N10),"-")
A12: 46140 | B12: =COUNTIFS('Lead Logs'!B:B,"Hồng Nhung",'Lead Logs'!C:C,A12) | C12: =COUNTIFS('Lead Logs'!B:B,"Hồng Nhung",'Lead Logs'!D:D,A12,'Lead Logs'!E:E,"Qualified")+COUNTIFS('Lead Logs'!B:B,"Hồng Nhung",'Lead Logs'!D:D,A12,'Lead Logs'!E:E,"Unqualified") | D12: =D11+B12-C12 | E12: =IFERROR(C12/B12,"-") | F12: =IFERROR(C12/(B12+D11),"-") | G12: =COUNTIFS(#REF!,"Kim Huệ",#REF!,A12) | H12: =COUNTIFS(#REF!,"Kim Huệ",#REF!,A12,#REF!,"Qualified")+COUNTIFS(#REF!,"Kim Huệ",#REF!,A12,#REF!,"Unqualified") | I12: =I11+G12-H12 | J12: =IFERROR(H12/G12,"-") | K12: =IFERROR(H12/(G12+I11),"-") | L12: =COUNTIFS(#REF!,"Phương Linh",#REF!,A12) | M12: =COUNTIFS(#REF!,"Phương Linh",#REF!,A12,#REF!,"Qualified")+COUNTIFS(#REF!,"Phương Linh",#REF!,A12,#REF!,"Unqualified") | N12: =N11+L12-M12 | O12: =IFERROR(M12/L12,"-") | P12: =IFERROR(M12/(L12+N11),"-")
A13: 46141 | B13: =COUNTIFS('Lead Logs'!B:B,"Hồng Nhung",'Lead Logs'!C:C,A13) | C13: =COUNTIFS('Lead Logs'!B:B,"Hồng Nhung",'Lead Logs'!D:D,A13,'Lead Logs'!E:E,"Qualified")+COUNTIFS('Lead Logs'!B:B,"Hồng Nhung",'Lead Logs'!D:D,A13,'Lead Logs'!E:E,"Unqualified") | D13: =D12+B13-C13 | E13: =IFERROR(C13/B13,"-") | F13: =IFERROR(C13/(B13+D12),"-") | G13: =COUNTIFS(#REF!,"Kim Huệ",#REF!,A13) | H13: =COUNTIFS(#REF!,"Kim Huệ",#REF!,A13,#REF!,"Qualified")+COUNTIFS(#REF!,"Kim Huệ",#REF!,A13,#REF!,"Unqualified") | I13: =I12+G13-H13 | J13: =IFERROR(H13/G13,"-") | K13: =IFERROR(H13/(G13+I12),"-") | L13: =COUNTIFS(#REF!,"Phương Linh",#REF!,A13) | M13: =COUNTIFS(#REF!,"Phương Linh",#REF!,A13,#REF!,"Qualified")+COUNTIFS(#REF!,"Phương Linh",#REF!,A13,#REF!,"Unqualified") | N13: =N12+L13-M13 | O13: =IFERROR(M13/L13,"-") | P13: =IFERROR(M13/(L13+N12),"-")
A14: 46142 | B14: =COUNTIFS('Lead Logs'!B:B,"Hồng Nhung",'Lead Logs'!C:C,A14) | C14: =COUNTIFS('Lead Logs'!B:B,"Hồng Nhung",'Lead Logs'!D:D,A14,'Lead Logs'!E:E,"Qualified")+COUNTIFS('Lead Logs'!B:B,"Hồng Nhung",'Lead Logs'!D:D,A14,'Lead Logs'!E:E,"Unqualified") | D14: =D13+B14-C14 | E14: =IFERROR(C14/B14,"-") | F14: =IFERROR(C14/(B14+D13),"-") | G14: =COUNTIFS(#REF!,"Kim Huệ",#REF!,A14) | H14: =COUNTIFS(#REF!,"Kim Huệ",#REF!,A14,#REF!,"Qualified")+COUNTIFS(#REF!,"Kim Huệ",#REF!,A14,#REF!,"Unqualified") | I14: =I13+G14-H14 | J14: =IFERROR(H14/G14,"-") | K14: =IFERROR(H14/(G14+I13),"-") | L14: =COUNTIFS(#REF!,"Phương Linh",#REF!,A14) | M14: =COUNTIFS(#REF!,"Phương Linh",#REF!,A14,#REF!,"Qualified")+COUNTIFS(#REF!,"Phương Linh",#REF!,A14,#REF!,"Unqualified") | N14: =N13+L14-M14 | O14: =IFERROR(M14/L14,"-") | P14: =IFERROR(M14/(L14+N13),"-")
A15: 46143 | B15: =COUNTIFS('Lead Logs'!B:B,"Hồng Nhung",'Lead Logs'!C:C,A15) | C15: =COUNTIFS('Lead Logs'!B:B,"Hồng Nhung",'Lead Logs'!D:D,A15,'Lead Logs'!E:E,"Qualified")+COUNTIFS('Lead Logs'!B:B,"Hồng Nhung",'Lead Logs'!D:D,A15,'Lead Logs'!E:E,"Unqualified") | D15: =D14+B15-C15 | E15: =IFERROR(C15/B15,"-") | F15: =IFERROR(C15/(B15+D14),"-") | G15: =COUNTIFS(#REF!,"Kim Huệ",#REF!,A15) | H15: =COUNTIFS(#REF!,"Kim Huệ",#REF!,A15,#REF!,"Qualified")+COUNTIFS(#REF!,"Kim Huệ",#REF!,A15,#REF!,"Unqualified") | I15: =I14+G15-H15 | J15: =IFERROR(H15/G15,"-") | K15: =IFERROR(H15/(G15+I14),"-") | L15: =COUNTIFS(#REF!,"Phương Linh",#REF!,A15) | M15: =COUNTIFS(#REF!,"Phương Linh",#REF!,A15,#REF!,"Qualified")+COUNTIFS(#REF!,"Phương Linh",#REF!,A15,#REF!,"Unqualified") | N15: =N14+L15-M15 | O15: =IFERROR(M15/L15,"-") | P15: =IFERROR(M15/(L15+N14),"-")
... A44: 46172 | B44: =COUNTIFS('Lead Logs'!B:B,"Hồng Nhung",'Lead Logs'!C:C,A44) | C44: =COUNTIFS('Lead Logs'!B:B,"Hồng Nhung",'Lead Logs'!D:D,A44,'Lead Logs'!E:E,"Qualified")+COUNTIFS('Lead Logs'!B:B,"Hồng Nhung",'Lead Logs'!D:D,A44,'Lead Logs'!E:E,"Unqualified") | D44: =D43+B44-C44 | E44: =IFERROR(C44/B44,"-") | F44: =IFERROR(C44/(B44+D43),"-") | G44: =COUNTIFS(#REF!,"Kim Huệ",#REF!,A44) | H44: =COUNTIFS(#REF!,"Kim Huệ",#REF!,A44,#REF!,"Qualified")+COUNTIFS(#REF!,"Kim Huệ",#REF!,A44,#REF!,"Unqualified") | I44: =I43+G44-H44 | J44: =IFERROR(H44/G44,"-") | K44: =IFERROR(H44/(G44+I43),"-") | L44: =COUNTIFS(#REF!,"Phương Linh",#REF!,A44) | M44: =COUNTIFS(#REF!,"Phương Linh",#REF!,A44,#REF!,"Qualified")+COUNTIFS(#REF!,"Phương Linh",#REF!,A44,#REF!,"Unqualified") | N44: =N43+L44-M44 | O44: =IFERROR(M44/L44,"-") | P44: =IFERROR(M44/(L44+N43),"-")
