Workbook

Sheet Lead Logs
A1: Tên KH | B1: AE | C1: Ngày nhận | D1: Ngày resolve | E1: Status | F1: Loại Lead | G1: Loại Unqualified | H1: Ghi chú thêm
B2: Kim Huệ | E2: Đang liên hệ | F2: Việt Nam
B3: Hồng Nhung | E3: Đang nuôi dưỡng | F3: Quốc Tế
B4: Phương Linh | E4: Qualified
E5: Unqualified

Sheet Daily
A1: Ngày | B1: AE Hồng Nhung | G1: AE Kim Huệ | L1: AE Phương Linh
B2: Thêm | C2: Xử lý | D2: Tồn cuối ngày | E2: Tỷ lệ xử lý trong ngày | F2: Tỷ lệ xử lý trên tổng | G2: Thêm | H2: Xử lý | I2: Tồn cuối ngày | J2: Tỷ lệ xử lý trong ngày | K2: Tỷ lệ xử lý trên tổng | L2: Thêm | M2: Xử lý | N2: Tồn cuối ngày | O2: Tỷ lệ xử lý trong ngày | P2: Tỷ lệ xử lý trên tổng
A3: 46131 | D3: 0 | I3: 0 | N3: 0
A4: 46132 | B4: =COUNTIFS('Lead Logs'!B:B,"Hồng Nhung",'Lead Logs'!C:C,A4) | C4: =COUNTIFS('Lead Logs'!B:B,"Hồng Nhung",'Lead Logs'!D:D,A4,'Lead Logs'!E:E,"Qualified")+COUNTIFS('Lead Logs'!B:B,"Hồng Nhung",'Lead Logs'!D:D,A4,'Lead Logs'!E:E,"Unqualified") | D4: =D3+B4-C4 | E4: =IFERROR(C4/B4,"-") | F4: =IFERROR(C4/(B4+D3),"-") | G4: =COUNTIFS('Lead Logs'!I:I,"Kim Huệ",'Lead Logs'!J:J,A4) | H4: =COUNTIFS('Lead Logs'!I:I,"Kim Huệ",'Lead Logs'!K:K,A4,'Lead Logs'!L:L,"Qualified")+COUNTIFS('Lead Logs'!I:I,"Kim Huệ",'Lead Logs'!K:K,A4,'Lead Logs'!L:L,"Unqualified") | I4: =I3+G4-H4 | J4: =IFERROR(H4/G4,"-") | K4: =IFERROR(H4/(G4+I3),"-") | L4: =COUNTIFS('Lead Logs'!N:N,"Phương Linh",'Lead Logs'!O:O,A4) | M4: =COUNTIFS('Lead Logs'!N:N,"Phương Linh",'Lead Logs'!P:P,A4,'Lead Logs'!Q:Q,"Qualified")+COUNTIFS('Lead Logs'!N:N,"Phương Linh",'Lead Logs'!P:P,A4,'Lead Logs'!Q:Q,"Unqualified") | N4: =N3+L4-M4 | O4: =IFERROR(M4/L4,"-") | P4: =IFERROR(M4/(L4+N3),"-")
A5: 46133 | B5: =COUNTIFS('Lead Logs'!B:B,"Hồng Nhung",'Lead Logs'!C:C,A5) | C5: =COUNTIFS('Lead Logs'!B:B,"Hồng Nhung",'Lead Logs'!D:D,A5,'Lead Logs'!E:E,"Qualified")+COUNTIFS('Lead Logs'!B:B,"Hồng Nhung",'Lead Logs'!D:D,A5,'Lead Logs'!E:E,"Unqualified") | D5: =D4+B5-C5 | E5: =IFERROR(C5/B5,"-") | F5: =IFERROR(C5/(B5+D4),"-") | G5: =COUNTIFS('Lead Logs'!I:I,"Kim Huệ",'Lead Logs'!J:J,A5) | H5: =COUNTIFS('Lead Logs'!I:I,"Kim Huệ",'Lead Logs'!K:K,A5,'Lead Logs'!L:L,"Qualified")+COUNTIFS('Lead Logs'!I:I,"Kim Huệ",'Lead Logs'!K:K,A5,'Lead Logs'!L:L,"Unqualified") | I5: =I4+G5-H5 | J5: =IFERROR(H5/G5,"-") | K5: =IFERROR(H5/(G5+I4),"-") | L5: =COUNTIFS('Lead Logs'!N:N,"Phương Linh",'Lead Logs'!O:O,A5) | M5: =COUNTIFS('Lead Logs'!N:N,"Phương Linh",'Lead Logs'!P:P,A5,'Lead Logs'!Q:Q,"Qualified")+COUNTIFS('Lead Logs'!N:N,"Phương Linh",'Lead Logs'!P:P,A5,'Lead Logs'!Q:Q,"Unqualified") | N5: =N4+L5-M5 | O5: =IFERROR(M5/L5,"-") | P5: =IFERROR(M5/(L5+N4),"-")
A6: 46134 | B6: =COUNTIFS('Lead Logs'!B:B,"Hồng Nhung",'Lead Logs'!C:C,A6) | C6: =COUNTIFS('Lead Logs'!B:B,"Hồng Nhung",'Lead Logs'!D:D,A6,'Lead Logs'!E:E,"Qualified")+COUNTIFS('Lead Logs'!B:B,"Hồng Nhung",'Lead Logs'!D:D,A6,'Lead Logs'!E:E,"Unqualified") | D6: =D5+B6-C6 | E6: =IFERROR(C6/B6,"-") | F6: =IFERROR(C6/(B6+D5),"-") | G6: =COUNTIFS('Lead Logs'!I:I,"Kim Huệ",'Lead Logs'!J:J,A6) | H6: =COUNTIFS('Lead Logs'!I:I,"Kim Huệ",'Lead Logs'!K:K,A6,'Lead Logs'!L:L,"Qualified")+COUNTIFS('Lead Logs'!I:I,"Kim Huệ",'Lead Logs'!K:K,A6,'Lead Logs'!L:L,"Unqualified") | I6: =I5+G6-H6 | J6: =IFERROR(H6/G6,"-") | K6: =IFERROR(H6/(G6+I5),"-") | L6: =COUNTIFS('Lead Logs'!N:N,"Phương Linh",'Lead Logs'!O:O,A6) | M6: =COUNTIFS('Lead Logs'!N:N,"Phương Linh",'Lead Logs'!P:P,A6,'Lead Logs'!Q:Q,"Qualified")+COUNTIFS('Lead Logs'!N:N,"Phương Linh",'Lead Logs'!P:P,A6,'Lead Logs'!Q:Q,"Unqualified") | N6: =N5+L6-M6 | O6: =IFERROR(M6/L6,"-") | P6: =IFERROR(M6/(L6+N5),"-")
A7: 46135 | B7: =COUNTIFS('Lead Logs'!B:B,"Hồng Nhung",'Lead Logs'!C:C,A7) | C7: =COUNTIFS('Lead Logs'!B:B,"Hồng Nhung",'Lead Logs'!D:D,A7,'Lead Logs'!E:E,"Qualified")+COUNTIFS('Lead Logs'!B:B,"Hồng Nhung",'Lead Logs'!D:D,A7,'Lead Logs'!E:E,"Unqualified") | D7: =D6+B7-C7 | E7: =IFERROR(C7/B7,"-") | F7: =IFERROR(C7/(B7+D6),"-") | G7: =COUNTIFS('Lead Logs'!I:I,"Kim Huệ",'Lead Logs'!J:J,A7) | H7: =COUNTIFS('Lead Logs'!I:I,"Kim Huệ",'Lead Logs'!K:K,A7,'Lead Logs'!L:L,"Qualified")+COUNTIFS('Lead Logs'!I:I,"Kim Huệ",'Lead Logs'!K:K,A7,'Lead Logs'!L:L,"Unqualified") | I7: =I6+G7-H7 | J7: =IFERROR(H7/G7,"-") | K7: =IFERROR(H7/(G7+I6),"-") | L7: =COUNTIFS('Lead Logs'!N:N,"Phương Linh",'Lead Logs'!O:O,A7) | M7: =COUNTIFS('Lead Logs'!N:N,"Phương Linh",'Lead Logs'!P:P,A7,'Lead Logs'!Q:Q,"Qualified")+COUNTIFS('Lead Logs'!N:N,"Phương Linh",'Lead Logs'!P:P,A7,'Lead Logs'!Q:Q,"Unqualified") | N7: =N6+L7-M7 | O7: =IFERROR(M7/L7,"-") | P7: =IFERROR(M7/(L7+N6),"-")
A8: 46136 | B8: =COUNTIFS('Lead Logs'!B:B,"Hồng Nhung",'Lead Logs'!C:C,A8) | C8: =COUNTIFS('Lead Logs'!B:B,"Hồng Nhung",'Lead Logs'!D:D,A8,'Lead Logs'!E:E,"Qualified")+COUNTIFS('Lead Logs'!B:B,"Hồng Nhung",'Lead Logs'!D:D,A8,'Lead Logs'!E:E,"Unqualified") | D8: =D7+B8-C8 | E8: =IFERROR(C8/B8,"-") | F8: =IFERROR(C8/(B8+D7),"-") | G8: =COUNTIFS('Lead Logs'!I:I,"Kim Huệ",'Lead Logs'!J:J,A8) | H8: =COUNTIFS('Lead Logs'!I:I,"Kim Huệ",'Lead Logs'!K:K,A8,'Lead Logs'!L:L,"Qualified")+COUNTIFS('Lead Logs'!I:I,"Kim Huệ",'Lead Logs'!K:K,A8,'Lead Logs'!L:L,"Unqualified") | I8: =I7+G8-H8 | J8: =IFERROR(H8/G8,"-") | K8: =IFERROR(H8/(G8+I7),"-") | L8: =COUNTIFS('Lead Logs'!N:N,"Phương Linh",'Lead Logs'!O:O,A8) | M8: =COUNTIFS('Lead Logs'!N:N,"Phương Linh",'Lead Logs'!P:P,A8,'Lead Logs'!Q:Q,"Qualified")+COUNTIFS('Lead Logs'!N:N,"Phương Linh",'Lead Logs'!P:P,A8,'Lead Logs'!Q:Q,"Unqualified") | N8: =N7+L8-M8 | O8: =IFERROR(M8/L8,"-") | P8: =IFERROR(M8/(L8+N7),"-")
A9: 46137 | B9: =COUNTIFS('Lead Logs'!B:B,"Hồng Nhung",'Lead Logs'!C:C,A9) | C9: =COUNTIFS('Lead Logs'!B:B,"Hồng Nhung",'Lead Logs'!D:D,A9,'Lead Logs'!E:E,"Qualified")+COUNTIFS('Lead Logs'!B:B,"Hồng Nhung",'Lead Logs'!D:D,A9,'Lead Logs'!E:E,"Unqualified") | D9: =D8+B9-C9 | E9: =IFERROR(C9/B9,"-") | F9: =IFERROR(C9/(B9+D8),"-") | G9: =COUNTIFS('Lead Logs'!I:I,"Kim Huệ",'Lead Logs'!J:J,A9) | H9: =COUNTIFS('Lead Logs'!I:I,"Kim Huệ",'Lead Logs'!K:K,A9,'Lead Logs'!L:L,"Qualified")+COUNTIFS('Lead Logs'!I:I,"Kim Huệ",'Lead Logs'!K:K,A9,'Lead Logs'!L:L,"Unqualified") | I9: =I8+G9-H9 | J9: =IFERROR(H9/G9,"-") | K9: =IFERROR(H9/(G9+I8),"-") | L9: =COUNTIFS('Lead Logs'!N:N,"Phương Linh",'Lead Logs'!O:O,A9) | M9: =COUNTIFS('Lead Logs'!N:N,"Phương Linh",'Lead Logs'!P:P,A9,'Lead Logs'!Q:Q,"Qualified")+COUNTIFS('Lead Logs'!N:N,"Phương Linh",'Lead Logs'!P:P,A9,'Lead Logs'!Q:Q,"Unqualified") | N9: =N8+L9-M9 | O9: =IFERROR(M9/L9,"-") | P9: =IFERROR(M9/(L9+N8),"-")
A10: 46138 | B10: =COUNTIFS('Lead Logs'!B:B,"Hồng Nhung",'Lead Logs'!C:C,A10) | C10: =COUNTIFS('Lead Logs'!B:B,"Hồng Nhung",'Lead Logs'!D:D,A10,'Lead Logs'!E:E,"Qualified")+COUNTIFS('Lead Logs'!B:B,"Hồng Nhung",'Lead Logs'!D:D,A10,'Lead Logs'!E:E,"Unqualified") | D10: =D9+B10-C10 | E10: =IFERROR(C10/B10,"-") | F10: =IFERROR(C10/(B10+D9),"-") | G10: =COUNTIFS('Lead Logs'!I:I,"Kim Huệ",'Lead Logs'!J:J,A10) | H10: =COUNTIFS('Lead Logs'!I:I,"Kim Huệ",'Lead Logs'!K:K,A10,'Lead Logs'!L:L,"Qualified")+COUNTIFS('Lead Logs'!I:I,"Kim Huệ",'Lead Logs'!K:K,A10,'Lead Logs'!L:L,"Unqualified") | I10: =I9+G10-H10 | J10: =IFERROR(H10/G10,"-") | K10: =IFERROR(H10/(G10+I9),"-") | L10: =COUNTIFS('Lead Logs'!N:N,"Phương Linh",'Lead Logs'!O:O,A10) | M10: =COUNTIFS('Lead Logs'!N:N,"Phương Linh",'Lead Logs'!P:P,A10,'Lead Logs'!Q:Q,"Qualified")+COUNTIFS('Lead Logs'!N:N,"Phương Linh",'Lead Logs'!P:P,A10,'Lead Logs'!Q:Q,"Unqualified") | N10: =N9+L10-M10 | O10: =IFERROR(M10/L10,"-") | P10: =IFERROR(M10/(L10+N9),"-")
A11: 46139 | B11: =COUNTIFS('Lead Logs'!B:B,"Hồng Nhung",'Lead Logs'!C:C,A11) | C11: =COUNTIFS('Lead Logs'!B:B,"Hồng Nhung",'Lead Logs'!D:D,A11,'Lead Logs'!E:E,"Qualified")+COUNTIFS('Lead Logs'!B:B,"Hồng Nhung",'Lead Logs'!D:D,A11,'Lead Logs'!E:E,"Unqualified") | D11: =D10+B11-C11 | E11: =IFERROR(C11/B11,"-") | F11: =IFERROR(C11/(B11+D10),"-") | G11: =COUNTIFS('Lead Logs'!I:I,"Kim Huệ",'Lead Logs'!J:J,A11) | H11: =COUNTIFS('Lead Logs'!I:I,"Kim Huệ",'Lead Logs'!K:K,A11,'Lead Logs'!L:L,"Qualified")+COUNTIFS('Lead Logs'!I:I,"Kim Huệ",'Lead Logs'!K:K,A11,'Lead Logs'!L:L,"Unqualified") | I11: =I10+G11-H11 | J11: =IFERROR(H11/G11,"-") | K11: =IFERROR(H11/(G11+I10),"-") | L11: =COUNTIFS('Lead Logs'!N:N,"Phương Linh",'Lead Logs'!O:O,A11) | M11: =COUNTIFS('Lead Logs'!N:N,"Phương Linh",'Lead Logs'!P:P,A11,'Lead Logs'!Q:Q,"Qualified")+COUNTIFS('Lead Logs'!N:N,"Phương Linh",'Lead Logs'!P:P,A11,'Lead Logs'!Q:Q,"Unqualified") | N11: =N10+L11-M11 | O11: =IFERROR(M11/L11,"-") | P11: =IFERROR(M11/(L11+N10),"-")
A12: 46140 | B12: =COUNTIFS('Lead Logs'!B:B,"Hồng Nhung",'Lead Logs'!C:C,A12) | C12: =COUNTIFS('Lead Logs'!B:B,"Hồng Nhung",'Lead Logs'!D:D,A12,'Lead Logs'!E:E,"Qualified")+COUNTIFS('Lead Logs'!B:B,"Hồng Nhung",'Lead Logs'!D:D,A12,'Lead Logs'!E:E,"Unqualified") | D12: =D11+B12-C12 | E12: =IFERROR(C12/B12,"-") | F12: =IFERROR(C12/(B12+D11),"-") | G12: =COUNTIFS('Lead Logs'!I:I,"Kim Huệ",'Lead Logs'!J:J,A12) | H12: =COUNTIFS('Lead Logs'!I:I,"Kim Huệ",'Lead Logs'!K:K,A12,'Lead Logs'!L:L,"Qualified")+COUNTIFS('Lead Logs'!I:I,"Kim Huệ",'Lead Logs'!K:K,A12,'Lead Logs'!L:L,"Unqualified") | I12: =I11+G12-H12 | J12: =IFERROR(H12/G12,"-") | K12: =IFERROR(H12/(G12+I11),"-") | L12: =COUNTIFS('Lead Logs'!N:N,"Phương Linh",'Lead Logs'!O:O,A12) | M12: =COUNTIFS('Lead Logs'!N:N,"Phương Linh",'Lead Logs'!P:P,A12,'Lead Logs'!Q:Q,"Qualified")+COUNTIFS('Lead Logs'!N:N,"Phương Linh",'Lead Logs'!P:P,A12,'Lead Logs'!Q:Q,"Unqualified") | N12: =N11+L12-M12 | O12: =IFERROR(M12/L12,"-") | P12: =IFERROR(M12/(L12+N11),"-")
A13: 46141 | B13: =COUNTIFS('Lead Logs'!B:B,"Hồng Nhung",'Lead Logs'!C:C,A13) | C13: =COUNTIFS('Lead Logs'!B:B,"Hồng Nhung",'Lead Logs'!D:D,A13,'Lead Logs'!E:E,"Qualified")+COUNTIFS('Lead Logs'!B:B,"Hồng Nhung",'Lead Logs'!D:D,A13,'Lead Logs'!E:E,"Unqualified") | D13: =D12+B13-C13 | E13: =IFERROR(C13/B13,"-") | F13: =IFERROR(C13/(B13+D12),"-") | G13: =COUNTIFS('Lead Logs'!I:I,"Kim Huệ",'Lead Logs'!J:J,A13) | H13: =COUNTIFS('Lead Logs'!I:I,"Kim Huệ",'Lead Logs'!K:K,A13,'Lead Logs'!L:L,"Qualified")+COUNTIFS('Lead Logs'!I:I,"Kim Huệ",'Lead Logs'!K:K,A13,'Lead Logs'!L:L,"Unqualified") | I13: =I12+G13-H13 | J13: =IFERROR(H13/G13,"-") | K13: =IFERROR(H13/(G13+I12),"-") | L13: =COUNTIFS('Lead Logs'!N:N,"Phương Linh",'Lead Logs'!O:O,A13) | M13: =COUNTIFS('Lead Logs'!N:N,"Phương Linh",'Lead Logs'!P:P,A13,'Lead Logs'!Q:Q,"Qualified")+COUNTIFS('Lead Logs'!N:N,"Phương Linh",'Lead Logs'!P:P,A13,'Lead Logs'!Q:Q,"Unqualified") | N13: =N12+L13-M13 | O13: =IFERROR(M13/L13,"-") | P13: =IFERROR(M13/(L13+N12),"-")
A14: 46142 | B14: =COUNTIFS('Lead Logs'!B:B,"Hồng Nhung",'Lead Logs'!C:C,A14) | C14: =COUNTIFS('Lead Logs'!B:B,"Hồng Nhung",'Lead Logs'!D:D,A14,'Lead Logs'!E:E,"Qualified")+COUNTIFS('Lead Logs'!B:B,"Hồng Nhung",'Lead Logs'!D:D,A14,'Lead Logs'!E:E,"Unqualified") | D14: =D13+B14-C14 | E14: =IFERROR(C14/B14,"-") | F14: =IFERROR(C14/(B14+D13),"-") | G14: =COUNTIFS('Lead Logs'!I:I,"Kim Huệ",'Lead Logs'!J:J,A14) | H14: =COUNTIFS('Lead Logs'!I:I,"Kim Huệ",'Lead Logs'!K:K,A14,'Lead Logs'!L:L,"Qualified")+COUNTIFS('Lead Logs'!I:I,"Kim Huệ",'Lead Logs'!K:K,A14,'Lead Logs'!L:L,"Unqualified") | I14: =I13+G14-H14 | J14: =IFERROR(H14/G14,"-") | K14: =IFERROR(H14/(G14+I13),"-") | L14: =COUNTIFS('Lead Logs'!N:N,"Phương Linh",'Lead Logs'!O:O,A14) | M14: =COUNTIFS('Lead Logs'!N:N,"Phương Linh",'Lead Logs'!P:P,A14,'Lead Logs'!Q:Q,"Qualified")+COUNTIFS('Lead Logs'!N:N,"Phương Linh",'Lead Logs'!P:P,A14,'Lead Logs'!Q:Q,"Unqualified") | N14: =N13+L14-M14 | O14: =IFERROR(M14/L14,"-") | P14: =IFERROR(M14/(L14+N13),"-")
A15: 46143 | B15: =COUNTIFS('Lead Logs'!B:B,"Hồng Nhung",'Lead Logs'!C:C,A15) | C15: =COUNTIFS('Lead Logs'!B:B,"Hồng Nhung",'Lead Logs'!D:D,A15,'Lead Logs'!E:E,"Qualified")+COUNTIFS('Lead Logs'!B:B,"Hồng Nhung",'Lead Logs'!D:D,A15,'Lead Logs'!E:E,"Unqualified") | D15: =D14+B15-C15 | E15: =IFERROR(C15/B15,"-") | F15: =IFERROR(C15/(B15+D14),"-") | G15: =COUNTIFS('Lead Logs'!I:I,"Kim Huệ",'Lead Logs'!J:J,A15) | H15: =COUNTIFS('Lead Logs'!I:I,"Kim Huệ",'Lead Logs'!K:K,A15,'Lead Logs'!L:L,"Qualified")+COUNTIFS('Lead Logs'!I:I,"Kim Huệ",'Lead Logs'!K:K,A15,'Lead Logs'!L:L,"Unqualified") | I15: =I14+G15-H15 | J15: =IFERROR(H15/G15,"-") | K15: =IFERROR(H15/(G15+I14),"-") | L15: =COUNTIFS('Lead Logs'!N:N,"Phương Linh",'Lead Logs'!O:O,A15) | M15: =COUNTIFS('Lead Logs'!N:N,"Phương Linh",'Lead Logs'!P:P,A15,'Lead Logs'!Q:Q,"Qualified")+COUNTIFS('Lead Logs'!N:N,"Phương Linh",'Lead Logs'!P:P,A15,'Lead Logs'!Q:Q,"Unqualified") | N15: =N14+L15-M15 | O15: =IFERROR(M15/L15,"-") | P15: =IFERROR(M15/(L15+N14),"-")
... A44: 46172 | B44: =COUNTIFS('Lead Logs'!B:B,"Hồng Nhung",'Lead Logs'!C:C,A44) | C44: =COUNTIFS('Lead Logs'!B:B,"Hồng Nhung",'Lead Logs'!D:D,A44,'Lead Logs'!E:E,"Qualified")+COUNTIFS('Lead Logs'!B:B,"Hồng Nhung",'Lead Logs'!D:D,A44,'Lead Logs'!E:E,"Unqualified") | D44: =D43+B44-C44 | E44: =IFERROR(C44/B44,"-") | F44: =IFERROR(C44/(B44+D43),"-") | G44: =COUNTIFS('Lead Logs'!I:I,"Kim Huệ",'Lead Logs'!J:J,A44) | H44: =COUNTIFS('Lead Logs'!I:I,"Kim Huệ",'Lead Logs'!K:K,A44,'Lead Logs'!L:L,"Qualified")+COUNTIFS('Lead Logs'!I:I,"Kim Huệ",'Lead Logs'!K:K,A44,'Lead Logs'!L:L,"Unqualified") | I44: =I43+G44-H44 | J44: =IFERROR(H44/G44,"-") | K44: =IFERROR(H44/(G44+I43),"-") | L44: =COUNTIFS('Lead Logs'!N:N,"Phương Linh",'Lead Logs'!O:O,A44) | M44: =COUNTIFS('Lead Logs'!N:N,"Phương Linh",'Lead Logs'!P:P,A44,'Lead Logs'!Q:Q,"Qualified")+COUNTIFS('Lead Logs'!N:N,"Phương Linh",'Lead Logs'!P:P,A44,'Lead Logs'!Q:Q,"Unqualified") | N44: =N43+L44-M44 | O44: =IFERROR(M44/L44,"-") | P44: =IFERROR(M44/(L44+N43),"-")
